{"cameraMode":{"drawMode":0,"name":"Shaded","section":"Shading Mode"},"sceneLighting":true,"audioPlay":false,"sceneViewState":{"showFog":true,"showMaterialUpdate":false,"showSkybox":true,"showFlares":true,"showImageEffects":true,"showParticleSystems":true},"in2DMode":false,"pivot":{"x":-26.828487396240236,"y":63.88084411621094,"z":88.41929626464844},"rotation":{"x":0.03179778903722763,"y":0.01979932002723217,"z":-0.0006304043927229941,"w":0.9992980360984802},"size":37.11548614501953,"orthographic":false}